Series,Method,Citation,Contributor,NMFS_POPID,ESU,MAJOR_POPULATION_GROUP,Population_name,COMMON_POPULATION_NAME,DISPLAY_ORDER,SPECIES,RUN_TIMING,STREAM_NAME,BROOD_YEAR,NUMBER_OF_SPAWNERS,FRACWILD,CATCH,AGE_2_RETURNS,AGE_3_RETURNS,AGE_4_RETURNS,AGE_5_RETURNS,AGE_6_RETURNS,AGE_7_RETURNS,AGE_8_RETURNS
ICUCchinook2020,Survey,CAX05262020,Washington Department of Fish and Wildlife,102,"Salmon, Chinook (Upper Columbia River spring-run ESU)",North Cascades,Wenatchee River,Wenatchee R.,1.1,Chinook salmon,,Wenatchee River,1960,2371,-99,-99,-99,-99,-99,-99,-99,-99,-99
ICUCchinook2020,Survey,CAX05262020,Washington Department of Fish and Wildlife,102,"Salmon, Chinook (Upper Columbia River spring-run ESU)",North Cascades,Wenatchee River,Wenatchee R.,1.1,Chinook salmon,,Wenatchee River,1961,1540,-99,-99,-99,-99,-99,-99,-99,-99,-99
ICUCchinook2020,Survey,CAX05262020,Washington Department of Fish and Wildlife,102,"Salmon, Chinook (Upper Columbia River spring-run ESU)",North Cascades,Wenatchee River,Wenatchee R.,1.1,Chinook salmon,,Wenatchee River,1962,3056,-99,-99,-99,-99,-99,-99,-99,-99,-99
ICUCchinook2020,Survey,CAX05262020,Washington Department of Fish and Wildlife,102,"Salmon, Chinook (Upper Columbia River spring-run ESU)",North Cascades,Wenatchee River,Wenatchee R.,1.1,Chinook salmon,,Wenatchee River,1963,1874,-99,-99,-99,-99,-99,-99,-99,-99,-99
ICUCchinook2020,Survey,CAX05262020,Washington Department of Fish and Wildlife,102,"Salmon, Chinook (Upper Columbia River spring-run ESU)",North Cascades,Wenatchee River,Wenatchee R.,1.1,Chinook salmon,,Wenatchee River,1964,2771,-99,-99,-99,-99,-99,-99,-99,-99,-99
ICUCchinook2020,Survey,CAX05262020,Washington Department of Fish and Wildlife,102,"Salmon, Chinook (Upper Columbia River spring-run ESU)",North Cascades,Wenatchee River,Wenatchee R.,1.1,Chinook salmon,,Wenatchee River,1965,3523,-99,-99,-99,-99,-99,-99,-99,-99,-99
ICUCchinook2020,Survey,CAX05262020,Washington Department of Fish and Wildlife,102,"Salmon, Chinook (Upper Columbia River spring-run ESU)",North Cascades,Wenatchee River,Wenatchee R.,1.1,Chinook salmon,,Wenatchee River,1966,6718,-99,-99,-99,-99,-99,-99,-99,-99,-99
ICUCchinook2020,Survey,CAX05262020,Washington Department of Fish and Wildlife,102,"Salmon, Chinook (Upper Columbia River spring-run ESU)",North Cascades,Wenatchee River,Wenatchee R.,1.1,Chinook salmon,,Wenatchee River,1967,3978,-99,-99,-99,-99,-99,-99,-99,-99,-99
ICUCchinook2020,Survey,CAX05262020,Washington Department of Fish and Wildlife,102,"Salmon, Chinook (Upper Columbia River spring-run ESU)",North Cascades,Wenatchee River,Wenatchee R.,1.1,Chinook salmon,,Wenatchee River,1968,4663,-99,-99,-99,-99,-99,-99,-99,-99,-99
ICUCchinook2020,Survey,CAX05262020,Washington Department of Fish and Wildlife,102,"Salmon, Chinook (Upper Columbia River spring-run ESU)",North Cascades,Wenatchee River,Wenatchee R.,1.1,Chinook salmon,,Wenatchee River,1969,3959,0.95,-99,-99,-99,-99,-99,-99,-99,-99
ICUCchinook2020,Survey,CAX05262020,Washington Department of Fish and Wildlife,102,"Salmon, Chinook (Upper Columbia River spring-run ESU)",North Cascades,Wenatchee River,Wenatchee R.,1.1,Chinook salmon,,Wenatchee River,1970,3026,0.93,-99,-99,-99,-99,-99,-99,-99,-99
ICUCchinook2020,Survey,CAX05262020,Washington Department of Fish and Wildlife,102,"Salmon, Chinook (Upper Columbia River spring-run ESU)",North Cascades,Wenatchee River,Wenatchee R.,1.1,Chinook salmon,,Wenatchee River,1971,1589,-99,-99,-99,-99,-99,-99,-99,-99,-99
ICUCchinook2020,Survey,CAX05262020,Washington Department of Fish and Wildlife,102,"Salmon, Chinook (Upper Columbia River spring-run ESU)",North Cascades,Wenatchee River,Wenatchee R.,1.1,Chinook salmon,,Wenatchee River,1972,2783,-99,-99,-99,-99,-99,-99,-99,-99,-99
ICUCchinook2020,Survey,CAX05262020,Washington Department of Fish and Wildlife,102,"Salmon, Chinook (Upper Columbia River spring-run ESU)",North Cascades,Wenatchee River,Wenatchee R.,1.1,Chinook salmon,,Wenatchee River,1973,5863,0.99,-99,-99,-99,-99,-99,-99,-99,-99
ICUCchinook2020,Survey,CAX05262020,Washington Department of Fish and Wildlife,102,"Salmon, Chinook (Upper Columbia River spring-run ESU)",North Cascades,Wenatchee River,Wenatchee R.,1.1,Chinook salmon,,Wenatchee River,1974,1989,-99,-99,-99,-99,-99,-99,-99,-99,-99
ICUCchinook2020,Survey,CAX05262020,Washington Department of Fish and Wildlife,102,"Salmon, Chinook (Upper Columbia River spring-run ESU)",North Cascades,Wenatchee River,Wenatchee R.,1.1,Chinook salmon,,Wenatchee River,1975,3765,-99,-99,-99,-99,-99,-99,-99,-99,-99
ICUCchinook2020,Survey,CAX05262020,Washington Department of Fish and Wildlife,102,"Salmon, Chinook (Upper Columbia River spring-run ESU)",North Cascades,Wenatchee River,Wenatchee R.,1.1,Chinook salmon,,Wenatchee River,1976,2401,0.99,-99,-99,-99,-99,-99,-99,-99,-99
ICUCchinook2020,Survey,CAX05262020,Washington Department of Fish and Wildlife,102,"Salmon, Chinook (Upper Columbia River spring-run ESU)",North Cascades,Wenatchee River,Wenatchee R.,1.1,Chinook salmon,,Wenatchee River,1977,2862,0.99,-99,-99,-99,-99,-99,-99,-99,-99
ICUCchinook2020,Survey,CAX05262020,Washington Department of Fish and Wildlife,102,"Salmon, Chinook (Upper Columbia River spring-run ESU)",North Cascades,Wenatchee River,Wenatchee R.,1.1,Chinook salmon,,Wenatchee River,1978,3772,0.99,-99,-99,-99,-99,-99,-99,-99,-99
ICUCchinook2020,Survey,CAX05262020,Washington Department of Fish and Wildlife,102,"Salmon, Chinook (Upper Columbia River spring-run ESU)",North Cascades,Wenatchee River,Wenatchee R.,1.1,Chinook salmon,,Wenatchee River,1979,1063,0.98,-99,-99,-99,-99,-99,-99,-99,-99
ICUCchinook2020,Survey,CAX05262020,Washington Department of Fish and Wildlife,102,"Salmon, Chinook (Upper Columbia River spring-run ESU)",North Cascades,Wenatchee River,Wenatchee R.,1.1,Chinook salmon,,Wenatchee River,1980,1519,0.98,-99,-99,-99,-99,-99,-99,-99,-99
ICUCchinook2020,Survey,CAX05262020,Washington Department of Fish and Wildlife,102,"Salmon, Chinook (Upper Columbia River spring-run ESU)",North Cascades,Wenatchee River,Wenatchee R.,1.1,Chinook salmon,,Wenatchee River,1981,1269,-99,-99,-99,-99,-99,-99,-99,-99,-99
ICUCchinook2020,Survey,CAX05262020,Washington Department of Fish and Wildlife,102,"Salmon, Chinook (Upper Columbia River spring-run ESU)",North Cascades,Wenatchee River,Wenatchee R.,1.1,Chinook salmon,,Wenatchee River,1982,1493,-99,-99,-99,-99,-99,-99,-99,-99,-99
ICUCchinook2020,Survey,CAX05262020,Washington Department of Fish and Wildlife,102,"Salmon, Chinook (Upper Columbia River spring-run ESU)",North Cascades,Wenatchee River,Wenatchee R.,1.1,Chinook salmon,,Wenatchee River,1983,2547,-99,-99,-99,-99,-99,-99,-99,-99,-99
ICUCchinook2020,Survey,CAX05262020,Washington Department of Fish and Wildlife,102,"Salmon, Chinook (Upper Columbia River spring-run ESU)",North Cascades,Wenatchee River,Wenatchee R.,1.1,Chinook salmon,,Wenatchee River,1984,2022,-99,-99,-99,-99,-99,-99,-99,-99,-99
ICUCchinook2020,Survey,CAX05262020,Washington Department of Fish and Wildlife,102,"Salmon, Chinook (Upper Columbia River spring-run ESU)",North Cascades,Wenatchee River,Wenatchee R.,1.1,Chinook salmon,,Wenatchee River,1985,3331,-99,-99,-99,-99,-99,-99,-99,-99,-99
ICUCchinook2020,Survey,CAX05262020,Washington Department of Fish and Wildlife,102,"Salmon, Chinook (Upper Columbia River spring-run ESU)",North Cascades,Wenatchee River,Wenatchee R.,1.1,Chinook salmon,,Wenatchee River,1986,2044,-99,-99,-99,-99,-99,-99,-99,-99,-99
ICUCchinook2020,Survey,CAX05262020,Washington Department of Fish and Wildlife,102,"Salmon, Chinook (Upper Columbia River spring-run ESU)",North Cascades,Wenatchee River,Wenatchee R.,1.1,Chinook salmon,,Wenatchee River,1987,1920,-99,-99,-99,-99,-99,-99,-99,-99,-99
ICUCchinook2020,Survey,CAX05262020,Washington Department of Fish and Wildlife,102,"Salmon, Chinook (Upper Columbia River spring-run ESU)",North Cascades,Wenatchee River,Wenatchee R.,1.1,Chinook salmon,,Wenatchee River,1988,1525,-99,-99,-99,-99,-99,-99,-99,-99,-99
ICUCchinook2020,Survey,CAX05262020,Washington Department of Fish and Wildlife,102,"Salmon, Chinook (Upper Columbia River spring-run ESU)",North Cascades,Wenatchee River,Wenatchee R.,1.1,Chinook salmon,,Wenatchee River,1989,1396,-99,-99,-99,-99,-99,-99,-99,-99,-99
ICUCchinook2020,Survey,CAX05262020,Washington Department of Fish and Wildlife,102,"Salmon, Chinook (Upper Columbia River spring-run ESU)",North Cascades,Wenatchee River,Wenatchee R.,1.1,Chinook salmon,,Wenatchee River,1990,999,-99,-99,-99,-99,-99,-99,-99,-99,-99
ICUCchinook2020,Survey,CAX05262020,Washington Department of Fish and Wildlife,102,"Salmon, Chinook (Upper Columbia River spring-run ESU)",North Cascades,Wenatchee River,Wenatchee R.,1.1,Chinook salmon,,Wenatchee River,1991,585,-99,-99,-99,-99,-99,-99,-99,-99,-99
ICUCchinook2020,Survey,CAX05262020,Washington Department of Fish and Wildlife,102,"Salmon, Chinook (Upper Columbia River spring-run ESU)",North Cascades,Wenatchee River,Wenatchee R.,1.1,Chinook salmon,,Wenatchee River,1992,1100,-99,-99,-99,-99,-99,-99,-99,-99,-99
ICUCchinook2020,Survey,CAX05262020,Washington Department of Fish and Wildlife,102,"Salmon, Chinook (Upper Columbia River spring-run ESU)",North Cascades,Wenatchee River,Wenatchee R.,1.1,Chinook salmon,,Wenatchee River,1993,1192,0.6,-99,-99,-99,0.377,0.623,-99,-99,-99
ICUCchinook2020,Survey,CAX05262020,Washington Department of Fish and Wildlife,102,"Salmon, Chinook (Upper Columbia River spring-run ESU)",North Cascades,Wenatchee River,Wenatchee R.,1.1,Chinook salmon,,Wenatchee River,1994,280,0.72,-99,-99,-99,0.25,0.75,-99,-99,-99
ICUCchinook2020,Survey,CAX05262020,Washington Department of Fish and Wildlife,102,"Salmon, Chinook (Upper Columbia River spring-run ESU)",North Cascades,Wenatchee River,Wenatchee R.,1.1,Chinook salmon,,Wenatchee River,1995,58,0.38,-99,-99,-99,1,0,-99,-99,-99
ICUCchinook2020,Survey,CAX05262020,Washington Department of Fish and Wildlife,102,"Salmon, Chinook (Upper Columbia River spring-run ESU)",North Cascades,Wenatchee River,Wenatchee R.,1.1,Chinook salmon,,Wenatchee River,1996,182,0.75,-99,-99,0.294,0.647,0.059,-99,-99,-99
ICUCchinook2020,Survey,CAX05262020,Washington Department of Fish and Wildlife,102,"Salmon, Chinook (Upper Columbia River spring-run ESU)",North Cascades,Wenatchee River,Wenatchee R.,1.1,Chinook salmon,,Wenatchee River,1997,578,0.33,-99,-99,-99,0.871,0.129,-99,-99,-99
ICUCchinook2020,Survey,CAX05262020,Washington Department of Fish and Wildlife,102,"Salmon, Chinook (Upper Columbia River spring-run ESU)",North Cascades,Wenatchee River,Wenatchee R.,1.1,Chinook salmon,,Wenatchee River,1998,323,0.43,-99,-99,-99,0.054,0.946,-99,-99,-99
ICUCchinook2020,Survey,CAX05262020,Washington Department of Fish and Wildlife,102,"Salmon, Chinook (Upper Columbia River spring-run ESU)",North Cascades,Wenatchee River,Wenatchee R.,1.1,Chinook salmon,,Wenatchee River,1999,133,0.91,-99,-99,0.05,0.65,0.3,-99,-99,-99
ICUCchinook2020,Survey,CAX05262020,Washington Department of Fish and Wildlife,102,"Salmon, Chinook (Upper Columbia River spring-run ESU)",North Cascades,Wenatchee River,Wenatchee R.,1.1,Chinook salmon,,Wenatchee River,2000,1250,0.39,-99,-99,0.036,0.95,0.014,-99,-99,-99
ICUCchinook2020,Survey,CAX05262020,Washington Department of Fish and Wildlife,102,"Salmon, Chinook (Upper Columbia River spring-run ESU)",North Cascades,Wenatchee River,Wenatchee R.,1.1,Chinook salmon,,Wenatchee River,2001,3930,0.25,-99,-99,-99,0.924,0.071,-99,-99,-99
ICUCchinook2020,Survey,CAX05262020,Washington Department of Fish and Wildlife,102,"Salmon, Chinook (Upper Columbia River spring-run ESU)",North Cascades,Wenatchee River,Wenatchee R.,1.1,Chinook salmon,,Wenatchee River,2002,1595,0.45,-99,-99,-99,0.655,0.345,-99,-99,-99
ICUCchinook2020,Survey,CAX05262020,Washington Department of Fish and Wildlife,102,"Salmon, Chinook (Upper Columbia River spring-run ESU)",North Cascades,Wenatchee River,Wenatchee R.,1.1,Chinook salmon,,Wenatchee River,2003,978,0.39,-99,-99,0.07,0.035,0.895,-99,-99,-99
ICUCchinook2020,Survey,CAX05262020,Washington Department of Fish and Wildlife,102,"Salmon, Chinook (Upper Columbia River spring-run ESU)",North Cascades,Wenatchee River,Wenatchee R.,1.1,Chinook salmon,,Wenatchee River,2004,1605,0.63,-99,-99,0.027,0.959,0.014,-99,-99,-99
ICUCchinook2020,Survey,CAX05262020,Washington Department of Fish and Wildlife,102,"Salmon, Chinook (Upper Columbia River spring-run ESU)",North Cascades,Wenatchee River,Wenatchee R.,1.1,Chinook salmon,,Wenatchee River,2005,1473,0.21,-99,-99,0.014,0.759,0.227,-99,-99,-99
ICUCchinook2020,Survey,CAX05262020,Washington Department of Fish and Wildlife,102,"Salmon, Chinook (Upper Columbia River spring-run ESU)",North Cascades,Wenatchee River,Wenatchee R.,1.1,Chinook salmon,,Wenatchee River,2006,939,0.33,-99,-99,0.007,0.623,0.371,-99,-99,-99
ICUCchinook2020,Survey,CAX05262020,Washington Department of Fish and Wildlife,102,"Salmon, Chinook (Upper Columbia River spring-run ESU)",North Cascades,Wenatchee River,Wenatchee R.,1.1,Chinook salmon,,Wenatchee River,2007,2005,0.19,-99,0.008,0.447,0.403,0.142,-99,-99,-99
ICUCchinook2020,Survey,CAX05262020,Washington Department of Fish and Wildlife,102,"Salmon, Chinook (Upper Columbia River spring-run ESU)",North Cascades,Wenatchee River,Wenatchee R.,1.1,Chinook salmon,,Wenatchee River,2008,2139,0.17,-99,-99,0.029,0.863,0.108,-99,-99,-99
ICUCchinook2020,Survey,CAX05262020,Washington Department of Fish and Wildlife,102,"Salmon, Chinook (Upper Columbia River spring-run ESU)",North Cascades,Wenatchee River,Wenatchee R.,1.1,Chinook salmon,,Wenatchee River,2009,2195,0.27,-99,0.002,0.223,0.732,0.04,0.002,-99,-99
ICUCchinook2020,Survey,CAX05262020,Washington Department of Fish and Wildlife,102,"Salmon, Chinook (Upper Columbia River spring-run ESU)",North Cascades,Wenatchee River,Wenatchee R.,1.1,Chinook salmon,,Wenatchee River,2010,1759,0.31,-99,-99,0.011,0.92,0.069,-99,-99,-99
ICUCchinook2020,Survey,CAX05262020,Washington Department of Fish and Wildlife,102,"Salmon, Chinook (Upper Columbia River spring-run ESU)",North Cascades,Wenatchee River,Wenatchee R.,1.1,Chinook salmon,,Wenatchee River,2011,2876,0.4,-99,-99,0.248,0.452,0.3,-99,-99,-99
ICUCchinook2020,Survey,CAX05262020,Washington Department of Fish and Wildlife,102,"Salmon, Chinook (Upper Columbia River spring-run ESU)",North Cascades,Wenatchee River,Wenatchee R.,1.1,Chinook salmon,,Wenatchee River,2012,2511,0.37,-99,-99,0.007,0.825,0.168,-99,-99,-99
ICUCchinook2020,Survey,CAX05262020,Washington Department of Fish and Wildlife,102,"Salmon, Chinook (Upper Columbia River spring-run ESU)",North Cascades,Wenatchee River,Wenatchee R.,1.1,Chinook salmon,,Wenatchee River,2013,2033,0.34,-99,-99,0.047,0.649,0.304,-99,-99,-99
ICUCchinook2020,Survey,CAX05262020,Washington Department of Fish and Wildlife,102,"Salmon, Chinook (Upper Columbia River spring-run ESU)",North Cascades,Wenatchee River,Wenatchee R.,1.1,Chinook salmon,,Wenatchee River,2014,2219,0.57,-99,-99,0.04,0.89,0.07,-99,-99,-99
ICUCchinook2020,Survey,CAX05262020,Washington Department of Fish and Wildlife,102,"Salmon, Chinook (Upper Columbia River spring-run ESU)",North Cascades,Wenatchee River,Wenatchee R.,1.1,Chinook salmon,,Wenatchee River,2015,1605,0.41,-99,-99,0.01,0.83,0.16,-99,-99,-99
ICUCchinook2020,Survey,CAX05262020,Washington Department of Fish and Wildlife,102,"Salmon, Chinook (Upper Columbia River spring-run ESU)",North Cascades,Wenatchee River,Wenatchee R.,1.1,Chinook salmon,,Wenatchee River,2016,985,0.64,-99,-99,0.04,0.67,0.29,-99,-99,-99
ICUCchinook2020,Survey,CAX05262020,Washington Department of Fish and Wildlife,102,"Salmon, Chinook (Upper Columbia River spring-run ESU)",North Cascades,Wenatchee River,Wenatchee R.,1.1,Chinook salmon,,Wenatchee River,2017,799,0.43,-99,-99,0.02,0.65,0.33,-99,-99,-99
ICUCchinook2020,Survey,CAX05262020,Washington Department of Fish and Wildlife,102,"Salmon, Chinook (Upper Columbia River spring-run ESU)",North Cascades,Wenatchee River,Wenatchee R.,1.1,Chinook salmon,,Wenatchee River,2018,1127,0.24,-99,-99,0,0.92,0.08,-99,-99,-99
ICUCchinook2020,Survey,CAX05262020,Washington Department of Fish and Wildlife,100,"Salmon, Chinook (Upper Columbia River spring-run ESU)",North Cascades,Entiat River,Entiat R.,1.2,Chinook salmon,,Entiat River,1960,454,1,-99,-99,-99,-99,-99,-99,-99,-99
ICUCchinook2020,Survey,CAX05262020,Washington Department of Fish and Wildlife,100,"Salmon, Chinook (Upper Columbia River spring-run ESU)",North Cascades,Entiat River,Entiat R.,1.2,Chinook salmon,,Entiat River,1961,171,1,-99,-99,-99,-99,-99,-99,-99,-99
ICUCchinook2020,Survey,CAX05262020,Washington Department of Fish and Wildlife,100,"Salmon, Chinook (Upper Columbia River spring-run ESU)",North Cascades,Entiat River,Entiat R.,1.2,Chinook salmon,,Entiat River,1962,446,1,-99,-99,-99,-99,-99,-99,-99,-99
ICUCchinook2020,Survey,CAX05262020,Washington Department of Fish and Wildlife,100,"Salmon, Chinook (Upper Columbia River spring-run ESU)",North Cascades,Entiat River,Entiat R.,1.2,Chinook salmon,,Entiat River,1963,562,1,-99,-99,-99,-99,-99,-99,-99,-99
ICUCchinook2020,Survey,CAX05262020,Washington Department of Fish and Wildlife,100,"Salmon, Chinook (Upper Columbia River spring-run ESU)",North Cascades,Entiat River,Entiat R.,1.2,Chinook salmon,,Entiat River,1964,1489,1,-99,-99,-99,-99,-99,-99,-99,-99
ICUCchinook2020,Survey,CAX05262020,Washington Department of Fish and Wildlife,100,"Salmon, Chinook (Upper Columbia River spring-run ESU)",North Cascades,Entiat River,Entiat R.,1.2,Chinook salmon,,Entiat River,1965,403,1,-99,-99,-99,-99,-99,-99,-99,-99
ICUCchinook2020,Survey,CAX05262020,Washington Department of Fish and Wildlife,100,"Salmon, Chinook (Upper Columbia River spring-run ESU)",North Cascades,Entiat River,Entiat R.,1.2,Chinook salmon,,Entiat River,1966,1190,1,-99,-99,-99,-99,-99,-99,-99,-99
ICUCchinook2020,Survey,CAX05262020,Washington Department of Fish and Wildlife,100,"Salmon, Chinook (Upper Columbia River spring-run ESU)",North Cascades,Entiat River,Entiat R.,1.2,Chinook salmon,,Entiat River,1967,977,1,-99,-99,-99,-99,-99,-99,-99,-99
ICUCchinook2020,Survey,CAX05262020,Washington Department of Fish and Wildlife,100,"Salmon, Chinook (Upper Columbia River spring-run ESU)",North Cascades,Entiat River,Entiat R.,1.2,Chinook salmon,,Entiat River,1968,977,1,-99,-99,-99,-99,-99,-99,-99,-99
ICUCchinook2020,Survey,CAX05262020,Washington Department of Fish and Wildlife,100,"Salmon, Chinook (Upper Columbia River spring-run ESU)",North Cascades,Entiat River,Entiat R.,1.2,Chinook salmon,,Entiat River,1969,322,1,-99,-99,-99,-99,-99,-99,-99,-99
ICUCchinook2020,Survey,CAX05262020,Washington Department of Fish and Wildlife,100,"Salmon, Chinook (Upper Columbia River spring-run ESU)",North Cascades,Entiat River,Entiat R.,1.2,Chinook salmon,,Entiat River,1970,271,1,-99,-99,-99,-99,-99,-99,-99,-99
ICUCchinook2020,Survey,CAX05262020,Washington Department of Fish and Wildlife,100,"Salmon, Chinook (Upper Columbia River spring-run ESU)",North Cascades,Entiat River,Entiat R.,1.2,Chinook salmon,,Entiat River,1971,527,1,-99,-99,-99,-99,-99,-99,-99,-99
ICUCchinook2020,Survey,CAX05262020,Washington Department of Fish and Wildlife,100,"Salmon, Chinook (Upper Columbia River spring-run ESU)",North Cascades,Entiat River,Entiat R.,1.2,Chinook salmon,,Entiat River,1972,236,1,-99,-99,-99,-99,-99,-99,-99,-99
ICUCchinook2020,Survey,CAX05262020,Washington Department of Fish and Wildlife,100,"Salmon, Chinook (Upper Columbia River spring-run ESU)",North Cascades,Entiat River,Entiat R.,1.2,Chinook salmon,,Entiat River,1973,888,1,-99,-99,-99,-99,-99,-99,-99,-99
ICUCchinook2020,Survey,CAX05262020,Washington Department of Fish and Wildlife,100,"Salmon, Chinook (Upper Columbia River spring-run ESU)",North Cascades,Entiat River,Entiat R.,1.2,Chinook salmon,,Entiat River,1974,341,1,-99,-99,-99,-99,-99,-99,-99,-99
ICUCchinook2020,Survey,CAX05262020,Washington Department of Fish and Wildlife,100,"Salmon, Chinook (Upper Columbia River spring-run ESU)",North Cascades,Entiat River,Entiat R.,1.2,Chinook salmon,,Entiat River,1975,605,1,-99,-99,-99,-99,-99,-99,-99,-99
ICUCchinook2020,Survey,CAX05262020,Washington Department of Fish and Wildlife,100,"Salmon, Chinook (Upper Columbia River spring-run ESU)",North Cascades,Entiat River,Entiat R.,1.2,Chinook salmon,,Entiat River,1976,182,1,-99,-99,-99,-99,-99,-99,-99,-99
ICUCchinook2020,Survey,CAX05262020,Washington Department of Fish and Wildlife,100,"Salmon, Chinook (Upper Columbia River spring-run ESU)",North Cascades,Entiat River,Entiat R.,1.2,Chinook salmon,,Entiat River,1977,688,1,-99,-99,-99,-99,-99,-99,-99,-99
ICUCchinook2020,Survey,CAX05262020,Washington Department of Fish and Wildlife,100,"Salmon, Chinook (Upper Columbia River spring-run ESU)",North Cascades,Entiat River,Entiat R.,1.2,Chinook salmon,,Entiat River,1978,1213,1,-99,-99,-99,-99,-99,-99,-99,-99
ICUCchinook2020,Survey,CAX05262020,Washington Department of Fish and Wildlife,100,"Salmon, Chinook (Upper Columbia River spring-run ESU)",North Cascades,Entiat River,Entiat R.,1.2,Chinook salmon,,Entiat River,1979,316,1,-99,-99,-99,-99,-99,-99,-99,-99
ICUCchinook2020,Survey,CAX05262020,Washington Department of Fish and Wildlife,100,"Salmon, Chinook (Upper Columbia River spring-run ESU)",North Cascades,Entiat River,Entiat R.,1.2,Chinook salmon,,Entiat River,1980,405,0.95,-99,-99,-99,-99,-99,-99,-99,-99
ICUCchinook2020,Survey,CAX05262020,Washington Department of Fish and Wildlife,100,"Salmon, Chinook (Upper Columbia River spring-run ESU)",North Cascades,Entiat River,Entiat R.,1.2,Chinook salmon,,Entiat River,1981,358,0.96,-99,-99,-99,-99,-99,-99,-99,-99
ICUCchinook2020,Survey,CAX05262020,Washington Department of Fish and Wildlife,100,"Salmon, Chinook (Upper Columbia River spring-run ESU)",North Cascades,Entiat River,Entiat R.,1.2,Chinook salmon,,Entiat River,1982,420,0.96,-99,-99,-99,-99,-99,-99,-99,-99
ICUCchinook2020,Survey,CAX05262020,Washington Department of Fish and Wildlife,100,"Salmon, Chinook (Upper Columbia River spring-run ESU)",North Cascades,Entiat River,Entiat R.,1.2,Chinook salmon,,Entiat River,1983,420,0.9,-99,-99,-99,-99,-99,-99,-99,-99
ICUCchinook2020,Survey,CAX05262020,Washington Department of Fish and Wildlife,100,"Salmon, Chinook (Upper Columbia River spring-run ESU)",North Cascades,Entiat River,Entiat R.,1.2,Chinook salmon,,Entiat River,1984,333,0.85,-99,-99,-99,-99,-99,-99,-99,-99
ICUCchinook2020,Survey,CAX05262020,Washington Department of Fish and Wildlife,100,"Salmon, Chinook (Upper Columbia River spring-run ESU)",North Cascades,Entiat River,Entiat R.,1.2,Chinook salmon,,Entiat River,1985,444,0.87,-99,-99,-99,-99,-99,-99,-99,-99
ICUCchinook2020,Survey,CAX05262020,Washington Department of Fish and Wildlife,100,"Salmon, Chinook (Upper Columbia River spring-run ESU)",North Cascades,Entiat River,Entiat R.,1.2,Chinook salmon,,Entiat River,1986,400,0.85,-99,-99,-99,-99,-99,-99,-99,-99
ICUCchinook2020,Survey,CAX05262020,Washington Department of Fish and Wildlife,100,"Salmon, Chinook (Upper Columbia River spring-run ESU)",North Cascades,Entiat River,Entiat R.,1.2,Chinook salmon,,Entiat River,1987,244,0.77,-99,-99,-99,-99,-99,-99,-99,-99
ICUCchinook2020,Survey,CAX05262020,Washington Department of Fish and Wildlife,100,"Salmon, Chinook (Upper Columbia River spring-run ESU)",North Cascades,Entiat River,Entiat R.,1.2,Chinook salmon,,Entiat River,1988,255,0.84,-99,-99,-99,-99,-99,-99,-99,-99
ICUCchinook2020,Survey,CAX05262020,Washington Department of Fish and Wildlife,100,"Salmon, Chinook (Upper Columbia River spring-run ESU)",North Cascades,Entiat River,Entiat R.,1.2,Chinook salmon,,Entiat River,1989,142,0.71,-99,-99,-99,-99,-99,-99,-99,-99
ICUCchinook2020,Survey,CAX05262020,Washington Department of Fish and Wildlife,100,"Salmon, Chinook (Upper Columbia River spring-run ESU)",North Cascades,Entiat River,Entiat R.,1.2,Chinook salmon,,Entiat River,1990,316,0.89,-99,-99,-99,-99,-99,-99,-99,-99
ICUCchinook2020,Survey,CAX05262020,Washington Department of Fish and Wildlife,100,"Salmon, Chinook (Upper Columbia River spring-run ESU)",North Cascades,Entiat River,Entiat R.,1.2,Chinook salmon,,Entiat River,1991,127,0.78,-99,-99,-99,-99,-99,-99,-99,-99
ICUCchinook2020,Survey,CAX05262020,Washington Department of Fish and Wildlife,100,"Salmon, Chinook (Upper Columbia River spring-run ESU)",North Cascades,Entiat River,Entiat R.,1.2,Chinook salmon,,Entiat River,1992,160,0.8,-99,-99,-99,-99,-99,-99,-99,-99
ICUCchinook2020,Survey,CAX05262020,Washington Department of Fish and Wildlife,100,"Salmon, Chinook (Upper Columbia River spring-run ESU)",North Cascades,Entiat River,Entiat R.,1.2,Chinook salmon,,Entiat River,1993,374,0.88,-99,-99,-99,-99,-99,-99,-99,-99
ICUCchinook2020,Survey,CAX05262020,Washington Department of Fish and Wildlife,100,"Salmon, Chinook (Upper Columbia River spring-run ESU)",North Cascades,Entiat River,Entiat R.,1.2,Chinook salmon,,Entiat River,1994,76,0.95,-99,-99,0.026,0.658,0.316,-99,-99,-99
ICUCchinook2020,Survey,CAX05262020,Washington Department of Fish and Wildlife,100,"Salmon, Chinook (Upper Columbia River spring-run ESU)",North Cascades,Entiat River,Entiat R.,1.2,Chinook salmon,,Entiat River,1995,33,0.67,-99,-99,0.025,0.603,0.371,-99,-99,-99
ICUCchinook2020,Survey,CAX05262020,Washington Department of Fish and Wildlife,100,"Salmon, Chinook (Upper Columbia River spring-run ESU)",North Cascades,Entiat River,Entiat R.,1.2,Chinook salmon,,Entiat River,1996,50,0.8,-99,-99,0.026,0.616,0.357,-99,-99,-99
ICUCchinook2020,Survey,CAX05262020,Washington Department of Fish and Wildlife,100,"Salmon, Chinook (Upper Columbia River spring-run ESU)",North Cascades,Entiat River,Entiat R.,1.2,Chinook salmon,,Entiat River,1997,82,0.83,-99,-99,-99,0.852,0.147,-99,-99,-99
ICUCchinook2020,Survey,CAX05262020,Washington Department of Fish and Wildlife,100,"Salmon, Chinook (Upper Columbia River spring-run ESU)",North Cascades,Entiat River,Entiat R.,1.2,Chinook salmon,,Entiat River,1998,53,0.79,-99,-99,-99,0.054,0.945,-99,-99,-99
ICUCchinook2020,Survey,CAX05262020,Washington Department of Fish and Wildlife,100,"Salmon, Chinook (Upper Columbia River spring-run ESU)",North Cascades,Entiat River,Entiat R.,1.2,Chinook salmon,,Entiat River,1999,75,0.39,-99,-99,0.015,0.556,0.427,-99,-99,-99
ICUCchinook2020,Survey,CAX05262020,Washington Department of Fish and Wildlife,100,"Salmon, Chinook (Upper Columbia River spring-run ESU)",North Cascades,Entiat River,Entiat R.,1.2,Chinook salmon,,Entiat River,2000,197,0.37,-99,-99,0.035,0.949,0.014,-99,-99,-99
ICUCchinook2020,Survey,CAX05262020,Washington Department of Fish and Wildlife,100,"Salmon, Chinook (Upper Columbia River spring-run ESU)",North Cascades,Entiat River,Entiat R.,1.2,Chinook salmon,,Entiat River,2001,323,0.7,-99,-99,0.004,0.918,0.076,-99,-99,-99
ICUCchinook2020,Survey,CAX05262020,Washington Department of Fish and Wildlife,100,"Salmon, Chinook (Upper Columbia River spring-run ESU)",North Cascades,Entiat River,Entiat R.,1.2,Chinook salmon,,Entiat River,2002,230,0.66,-99,-99,-99,0.658,0.341,-99,-99,-99
ICUCchinook2020,Survey,CAX05262020,Washington Department of Fish and Wildlife,100,"Salmon, Chinook (Upper Columbia River spring-run ESU)",North Cascades,Entiat River,Entiat R.,1.2,Chinook salmon,,Entiat River,2003,262,0.76,-99,-99,0.068,0.043,0.887,-99,-99,-99
ICUCchinook2020,Survey,CAX05262020,Washington Department of Fish and Wildlife,100,"Salmon, Chinook (Upper Columbia River spring-run ESU)",North Cascades,Entiat River,Entiat R.,1.2,Chinook salmon,,Entiat River,2004,449,0.32,-99,-99,0.014,0.976,0.009,-99,-99,-99
ICUCchinook2020,Survey,CAX05262020,Washington Department of Fish and Wildlife,100,"Salmon, Chinook (Upper Columbia River spring-run ESU)",North Cascades,Entiat River,Entiat R.,1.2,Chinook salmon,,Entiat River,2005,263,0.49,-99,-99,0.007,0.755,0.236,-99,-99,-99
ICUCchinook2020,Survey,CAX05262020,Washington Department of Fish and Wildlife,100,"Salmon, Chinook (Upper Columbia River spring-run ESU)",North Cascades,Entiat River,Entiat R.,1.2,Chinook salmon,,Entiat River,2006,188,0.42,-99,-99,0.006,0.622,0.37,-99,-99,-99
ICUCchinook2020,Survey,CAX05262020,Washington Department of Fish and Wildlife,100,"Salmon, Chinook (Upper Columbia River spring-run ESU)",North Cascades,Entiat River,Entiat R.,1.2,Chinook salmon,,Entiat River,2007,468,0.44,-99,-99,0.019,0.611,0.369,-99,-99,-99
ICUCchinook2020,Survey,CAX05262020,Washington Department of Fish and Wildlife,100,"Salmon, Chinook (Upper Columbia River spring-run ESU)",North Cascades,Entiat River,Entiat R.,1.2,Chinook salmon,,Entiat River,2008,194,0.49,-99,-99,0.03,0.848,0.121,-99,-99,-99
ICUCchinook2020,Survey,CAX05262020,Washington Department of Fish and Wildlife,100,"Salmon, Chinook (Upper Columbia River spring-run ESU)",North Cascades,Entiat River,Entiat R.,1.2,Chinook salmon,,Entiat River,2009,368,0.49,-99,-99,0.066,0.733,0.2,-99,-99,-99
ICUCchinook2020,Survey,CAX05262020,Washington Department of Fish and Wildlife,100,"Salmon, Chinook (Upper Columbia River spring-run ESU)",North Cascades,Entiat River,Entiat R.,1.2,Chinook salmon,,Entiat River,2010,445,0.75,-99,-99,0.031,0.793,0.174,-99,-99,-99
ICUCchinook2020,Survey,CAX05262020,Washington Department of Fish and Wildlife,100,"Salmon, Chinook (Upper Columbia River spring-run ESU)",North Cascades,Entiat River,Entiat R.,1.2,Chinook salmon,,Entiat River,2011,508,0.75,-99,-99,0.074,0.555,0.37,-99,-99,-99
ICUCchinook2020,Survey,CAX05262020,Washington Department of Fish and Wildlife,100,"Salmon, Chinook (Upper Columbia River spring-run ESU)",North Cascades,Entiat River,Entiat R.,1.2,Chinook salmon,,Entiat River,2012,385,0.66,-99,-99,0.026,0.684,0.289,-99,-99,-99
ICUCchinook2020,Survey,CAX05262020,Washington Department of Fish and Wildlife,100,"Salmon, Chinook (Upper Columbia River spring-run ESU)",North Cascades,Entiat River,Entiat R.,1.2,Chinook salmon,,Entiat River,2013,192,0.79,-99,-99,0.142,0.285,0.571,-99,-99,-99
ICUCchinook2020,Survey,CAX05262020,Washington Department of Fish and Wildlife,100,"Salmon, Chinook (Upper Columbia River spring-run ESU)",North Cascades,Entiat River,Entiat R.,1.2,Chinook salmon,,Entiat River,2014,245,0.92,-99,-99,0.082,0.837,0.082,-99,-99,-99
ICUCchinook2020,Survey,CAX05262020,Washington Department of Fish and Wildlife,100,"Salmon, Chinook (Upper Columbia River spring-run ESU)",North Cascades,Entiat River,Entiat R.,1.2,Chinook salmon,,Entiat River,2015,509,0.82,-99,-99,0.096,0.772,0.132,-99,-99,-99
ICUCchinook2020,Survey,CAX05262020,Washington Department of Fish and Wildlife,100,"Salmon, Chinook (Upper Columbia River spring-run ESU)",North Cascades,Entiat River,Entiat R.,1.2,Chinook salmon,,Entiat River,2016,353,0.84,-99,0.024,0.092,0.714,0.17,-99,-99,-99
ICUCchinook2020,Survey,CAX05262020,Washington Department of Fish and Wildlife,100,"Salmon, Chinook (Upper Columbia River spring-run ESU)",North Cascades,Entiat River,Entiat R.,1.2,Chinook salmon,,Entiat River,2017,101,0.62,-99,-99,0.237,0.644,0.119,-99,-99,-99
ICUCchinook2020,Survey,CAX05262020,Washington Department of Fish and Wildlife,100,"Salmon, Chinook (Upper Columbia River spring-run ESU)",North Cascades,Entiat River,Entiat R.,1.2,Chinook salmon,,Entiat River,2018,92,0.5,-99,0.037,0.037,0.889,0.037,-99,-99,-99
ICUCchinook2020,Survey,CAX05262020,Washington Department of Fish and Wildlife,101,"Salmon, Chinook (Upper Columbia River spring-run ESU)",North Cascades,Methow River,Methow R.,1.3,Chinook salmon,,Methow River,1960,2313,-99,-99,-99,-99,-99,-99,-99,-99,-99
ICUCchinook2020,Survey,CAX05262020,Washington Department of Fish and Wildlife,101,"Salmon, Chinook (Upper Columbia River spring-run ESU)",North Cascades,Methow River,Methow R.,1.3,Chinook salmon,,Methow River,1961,665,-99,-99,-99,-99,-99,-99,-99,-99,-99
ICUCchinook2020,Survey,CAX05262020,Washington Department of Fish and Wildlife,101,"Salmon, Chinook (Upper Columbia River spring-run ESU)",North Cascades,Methow River,Methow R.,1.3,Chinook salmon,,Methow River,1962,2813,-99,-99,-99,-99,-99,-99,-99,-99,-99
ICUCchinook2020,Survey,CAX05262020,Washington Department of Fish and Wildlife,101,"Salmon, Chinook (Upper Columbia River spring-run ESU)",North Cascades,Methow River,Methow R.,1.3,Chinook salmon,,Methow River,1963,2093,-99,-99,-99,-99,-99,-99,-99,-99,-99
ICUCchinook2020,Survey,CAX05262020,Washington Department of Fish and Wildlife,101,"Salmon, Chinook (Upper Columbia River spring-run ESU)",North Cascades,Methow River,Methow R.,1.3,Chinook salmon,,Methow River,1964,4198,-99,-99,-99,-99,-99,-99,-99,-99,-99
ICUCchinook2020,Survey,CAX05262020,Washington Department of Fish and Wildlife,101,"Salmon, Chinook (Upper Columbia River spring-run ESU)",North Cascades,Methow River,Methow R.,1.3,Chinook salmon,,Methow River,1965,1556,-99,-99,-99,-99,-99,-99,-99,-99,-99
ICUCchinook2020,Survey,CAX05262020,Washington Department of Fish and Wildlife,101,"Salmon, Chinook (Upper Columbia River spring-run ESU)",North Cascades,Methow River,Methow R.,1.3,Chinook salmon,,Methow River,1966,4927,-99,-99,-99,-99,-99,-99,-99,-99,-99
ICUCchinook2020,Survey,CAX05262020,Washington Department of Fish and Wildlife,101,"Salmon, Chinook (Upper Columbia River spring-run ESU)",North Cascades,Methow River,Methow R.,1.3,Chinook salmon,,Methow River,1967,2621,-99,-99,-99,-99,-99,-99,-99,-99,-99
ICUCchinook2020,Survey,CAX05262020,Washington Department of Fish and Wildlife,101,"Salmon, Chinook (Upper Columbia River spring-run ESU)",North Cascades,Methow River,Methow R.,1.3,Chinook salmon,,Methow River,1968,1958,-99,-99,-99,-99,-99,-99,-99,-99,-99
ICUCchinook2020,Survey,CAX05262020,Washington Department of Fish and Wildlife,101,"Salmon, Chinook (Upper Columbia River spring-run ESU)",North Cascades,Methow River,Methow R.,1.3,Chinook salmon,,Methow River,1969,1405,-99,-99,-99,-99,-99,-99,-99,-99,-99
ICUCchinook2020,Survey,CAX05262020,Washington Department of Fish and Wildlife,101,"Salmon, Chinook (Upper Columbia River spring-run ESU)",North Cascades,Methow River,Methow R.,1.3,Chinook salmon,,Methow River,1970,1824,-99,-99,-99,-99,-99,-99,-99,-99,-99
ICUCchinook2020,Survey,CAX05262020,Washington Department of Fish and Wildlife,101,"Salmon, Chinook (Upper Columbia River spring-run ESU)",North Cascades,Methow River,Methow R.,1.3,Chinook salmon,,Methow River,1971,1535,-99,-99,-99,-99,-99,-99,-99,-99,-99
ICUCchinook2020,Survey,CAX05262020,Washington Department of Fish and Wildlife,101,"Salmon, Chinook (Upper Columbia River spring-run ESU)",North Cascades,Methow River,Methow R.,1.3,Chinook salmon,,Methow River,1972,1644,-99,-99,-99,-99,-99,-99,-99,-99,-99
ICUCchinook2020,Survey,CAX05262020,Washington Department of Fish and Wildlife,101,"Salmon, Chinook (Upper Columbia River spring-run ESU)",North Cascades,Methow River,Methow R.,1.3,Chinook salmon,,Methow River,1973,2415,-99,-99,-99,-99,-99,-99,-99,-99,-99
ICUCchinook2020,Survey,CAX05262020,Washington Department of Fish and Wildlife,101,"Salmon, Chinook (Upper Columbia River spring-run ESU)",North Cascades,Methow River,Methow R.,1.3,Chinook salmon,,Methow River,1974,1193,-99,-99,-99,-99,-99,-99,-99,-99,-99
ICUCchinook2020,Survey,CAX05262020,Washington Department of Fish and Wildlife,101,"Salmon, Chinook (Upper Columbia River spring-run ESU)",North Cascades,Methow River,Methow R.,1.3,Chinook salmon,,Methow River,1975,2108,-99,-99,-99,-99,-99,-99,-99,-99,-99
ICUCchinook2020,Survey,CAX05262020,Washington Department of Fish and Wildlife,101,"Salmon, Chinook (Upper Columbia River spring-run ESU)",North Cascades,Methow River,Methow R.,1.3,Chinook salmon,,Methow River,1976,713,-99,-99,-99,-99,-99,-99,-99,-99,-99
ICUCchinook2020,Survey,CAX05262020,Washington Department of Fish and Wildlife,101,"Salmon, Chinook (Upper Columbia River spring-run ESU)",North Cascades,Methow River,Methow R.,1.3,Chinook salmon,,Methow River,1977,2286,-99,-99,-99,-99,-99,-99,-99,-99,-99
ICUCchinook2020,Survey,CAX05262020,Washington Department of Fish and Wildlife,101,"Salmon, Chinook (Upper Columbia River spring-run ESU)",North Cascades,Methow River,Methow R.,1.3,Chinook salmon,,Methow River,1978,2734,1,-99,-99,-99,-99,-99,-99,-99,-99
ICUCchinook2020,Survey,CAX05262020,Washington Department of Fish and Wildlife,101,"Salmon, Chinook (Upper Columbia River spring-run ESU)",North Cascades,Methow River,Methow R.,1.3,Chinook salmon,,Methow River,1979,664,0.96,-99,-99,-99,-99,-99,-99,-99,-99
ICUCchinook2020,Survey,CAX05262020,Washington Department of Fish and Wildlife,101,"Salmon, Chinook (Upper Columbia River spring-run ESU)",North Cascades,Methow River,Methow R.,1.3,Chinook salmon,,Methow River,1980,623,0.94,-99,-99,-99,-99,-99,-99,-99,-99
ICUCchinook2020,Survey,CAX05262020,Washington Department of Fish and Wildlife,101,"Salmon, Chinook (Upper Columbia River spring-run ESU)",North Cascades,Methow River,Methow R.,1.3,Chinook salmon,,Methow River,1981,596,0.83,-99,-99,-99,-99,-99,-99,-99,-99
ICUCchinook2020,Survey,CAX05262020,Washington Department of Fish and Wildlife,101,"Salmon, Chinook (Upper Columbia River spring-run ESU)",North Cascades,Methow River,Methow R.,1.3,Chinook salmon,,Methow River,1982,766,0.8,-99,-99,-99,-99,-99,-99,-99,-99
ICUCchinook2020,Survey,CAX05262020,Washington Department of Fish and Wildlife,101,"Salmon, Chinook (Upper Columbia River spring-run ESU)",North Cascades,Methow River,Methow R.,1.3,Chinook salmon,,Methow River,1983,1054,0.82,-99,-99,-99,-99,-99,-99,-99,-99
ICUCchinook2020,Survey,CAX05262020,Washington Department of Fish and Wildlife,101,"Salmon, Chinook (Upper Columbia River spring-run ESU)",North Cascades,Methow River,Methow R.,1.3,Chinook salmon,,Methow River,1984,1183,0.89,-99,-99,-99,-99,-99,-99,-99,-99
ICUCchinook2020,Survey,CAX05262020,Washington Department of Fish and Wildlife,101,"Salmon, Chinook (Upper Columbia River spring-run ESU)",North Cascades,Methow River,Methow R.,1.3,Chinook salmon,,Methow River,1985,1326,0.77,-99,-99,-99,-99,-99,-99,-99,-99
ICUCchinook2020,Survey,CAX05262020,Washington Department of Fish and Wildlife,101,"Salmon, Chinook (Upper Columbia River spring-run ESU)",North Cascades,Methow River,Methow R.,1.3,Chinook salmon,,Methow River,1986,1120,0.81,-99,-99,-99,-99,-99,-99,-99,-99
ICUCchinook2020,Survey,CAX05262020,Washington Department of Fish and Wildlife,101,"Salmon, Chinook (Upper Columbia River spring-run ESU)",North Cascades,Methow River,Methow R.,1.3,Chinook salmon,,Methow River,1987,1561,0.91,-99,-99,-99,-99,-99,-99,-99,-99
ICUCchinook2020,Survey,CAX05262020,Washington Department of Fish and Wildlife,101,"Salmon, Chinook (Upper Columbia River spring-run ESU)",North Cascades,Methow River,Methow R.,1.3,Chinook salmon,,Methow River,1988,1695,0.8,-99,-99,-99,-99,-99,-99,-99,-99
ICUCchinook2020,Survey,CAX05262020,Washington Department of Fish and Wildlife,101,"Salmon, Chinook (Upper Columbia River spring-run ESU)",North Cascades,Methow River,Methow R.,1.3,Chinook salmon,,Methow River,1989,1202,0.96,-99,-99,-99,-99,-99,-99,-99,-99
ICUCchinook2020,Survey,CAX05262020,Washington Department of Fish and Wildlife,101,"Salmon, Chinook (Upper Columbia River spring-run ESU)",North Cascades,Methow River,Methow R.,1.3,Chinook salmon,,Methow River,1990,1118,0.97,-99,-99,-99,-99,-99,-99,-99,-99
ICUCchinook2020,Survey,CAX05262020,Washington Department of Fish and Wildlife,101,"Salmon, Chinook (Upper Columbia River spring-run ESU)",North Cascades,Methow River,Methow R.,1.3,Chinook salmon,,Methow River,1991,620,0.96,-99,-99,-99,-99,-99,-99,-99,-99
ICUCchinook2020,Survey,CAX05262020,Washington Department of Fish and Wildlife,101,"Salmon, Chinook (Upper Columbia River spring-run ESU)",North Cascades,Methow River,Methow R.,1.3,Chinook salmon,,Methow River,1992,1662,0.8,-99,-99,0.021,0.553,0.426,-99,-99,-99
ICUCchinook2020,Survey,CAX05262020,Washington Department of Fish and Wildlife,101,"Salmon, Chinook (Upper Columbia River spring-run ESU)",North Cascades,Methow River,Methow R.,1.3,Chinook salmon,,Methow River,1993,1370,0.69,-99,-99,0,0.254,0.746,-99,-99,-99
ICUCchinook2020,Survey,CAX05262020,Washington Department of Fish and Wildlife,101,"Salmon, Chinook (Upper Columbia River spring-run ESU)",North Cascades,Methow River,Methow R.,1.3,Chinook salmon,,Methow River,1994,310,0.8,-99,-99,0,0.265,0.735,-99,-99,-99
ICUCchinook2020,Survey,CAX05262020,Washington Department of Fish and Wildlife,101,"Salmon, Chinook (Upper Columbia River spring-run ESU)",North Cascades,Methow River,Methow R.,1.3,Chinook salmon,,Methow River,1995,46,0.77,-99,-99,0,0.247,0.753,-99,-99,-99
ICUCchinook2020,Survey,CAX05262020,Washington Department of Fish and Wildlife,101,"Salmon, Chinook (Upper Columbia River spring-run ESU)",North Cascades,Methow River,Methow R.,1.3,Chinook salmon,,Methow River,1996,31,0.61,-99,-99,0.084,0.892,0.024,-99,-99,-99
ICUCchinook2020,Survey,CAX05262020,Washington Department of Fish and Wildlife,101,"Salmon, Chinook (Upper Columbia River spring-run ESU)",North Cascades,Methow River,Methow R.,1.3,Chinook salmon,,Methow River,1997,347,0.77,-99,-99,0,0.651,0.349,-99,-99,-99
ICUCchinook2020,Survey,CAX05262020,Washington Department of Fish and Wildlife,101,"Salmon, Chinook (Upper Columbia River spring-run ESU)",North Cascades,Methow River,Methow R.,1.3,Chinook salmon,,Methow River,1998,41,0.49,-99,-99,0.019,0.414,0.567,-99,-99,-99
ICUCchinook2020,Survey,CAX05262020,Washington Department of Fish and Wildlife,101,"Salmon, Chinook (Upper Columbia River spring-run ESU)",North Cascades,Methow River,Methow R.,1.3,Chinook salmon,,Methow River,1999,116,0.39,-99,-99,0.005,0.882,0.114,-99,-99,-99
ICUCchinook2020,Survey,CAX05262020,Washington Department of Fish and Wildlife,101,"Salmon, Chinook (Upper Columbia River spring-run ESU)",North Cascades,Methow River,Methow R.,1.3,Chinook salmon,,Methow River,2000,979,0.12,-99,-99,0.171,0.46,0.369,-99,-99,-99
ICUCchinook2020,Survey,CAX05262020,Washington Department of Fish and Wildlife,101,"Salmon, Chinook (Upper Columbia River spring-run ESU)",North Cascades,Methow River,Methow R.,1.3,Chinook salmon,,Methow River,2001,10971,0.17,-99,-99,0.026,0.772,0.202,-99,-99,-99
ICUCchinook2020,Survey,CAX05262020,Washington Department of Fish and Wildlife,101,"Salmon, Chinook (Upper Columbia River spring-run ESU)",North Cascades,Methow River,Methow R.,1.3,Chinook salmon,,Methow River,2002,2636,0.13,-99,-99,0.008,0.375,0.617,-99,-99,-99
ICUCchinook2020,Survey,CAX05262020,Washington Department of Fish and Wildlife,101,"Salmon, Chinook (Upper Columbia River spring-run ESU)",North Cascades,Methow River,Methow R.,1.3,Chinook salmon,,Methow River,2003,1138,0.05,-99,-99,0.298,0.135,0.567,-99,-99,-99
ICUCchinook2020,Survey,CAX05262020,Washington Department of Fish and Wildlife,101,"Salmon, Chinook (Upper Columbia River spring-run ESU)",North Cascades,Methow River,Methow R.,1.3,Chinook salmon,,Methow River,2004,1497,0.33,-99,-99,0.055,0.945,0,-99,-99,-99
ICUCchinook2020,Survey,CAX05262020,Washington Department of Fish and Wildlife,101,"Salmon, Chinook (Upper Columbia River spring-run ESU)",North Cascades,Methow River,Methow R.,1.3,Chinook salmon,,Methow River,2005,1376,0.38,-99,-99,0.004,0.87,0.126,-99,-99,-99
ICUCchinook2020,Survey,CAX05262020,Washington Department of Fish and Wildlife,101,"Salmon, Chinook (Upper Columbia River spring-run ESU)",North Cascades,Methow River,Methow R.,1.3,Chinook salmon,,Methow River,2006,1748,0.19,-99,-99,0,0.689,0.311,-99,-99,-99
ICUCchinook2020,Survey,CAX05262020,Washington Department of Fish and Wildlife,101,"Salmon, Chinook (Upper Columbia River spring-run ESU)",North Cascades,Methow River,Methow R.,1.3,Chinook salmon,,Methow River,2007,1079,0.25,-99,-99,0.087,0.255,0.658,-99,-99,-99
ICUCchinook2020,Survey,CAX05262020,Washington Department of Fish and Wildlife,101,"Salmon, Chinook (Upper Columbia River spring-run ESU)",North Cascades,Methow River,Methow R.,1.3,Chinook salmon,,Methow River,2008,1002,0.3,-99,-99,0.064,0.752,0.184,-99,-99,-99
ICUCchinook2020,Survey,CAX05262020,Washington Department of Fish and Wildlife,101,"Salmon, Chinook (Upper Columbia River spring-run ESU)",North Cascades,Methow River,Methow R.,1.3,Chinook salmon,,Methow River,2009,2641,0.21,-99,-99,0.09,0.836,0.074,-99,-99,-99
ICUCchinook2020,Survey,CAX05262020,Washington Department of Fish and Wildlife,101,"Salmon, Chinook (Upper Columbia River spring-run ESU)",North Cascades,Methow River,Methow R.,1.3,Chinook salmon,,Methow River,2010,2364,0.25,-99,-99,0.03,0.948,0.022,-99,-99,-99
ICUCchinook2020,Survey,CAX05262020,Washington Department of Fish and Wildlife,101,"Salmon, Chinook (Upper Columbia River spring-run ESU)",North Cascades,Methow River,Methow R.,1.3,Chinook salmon,,Methow River,2011,2935,0.33,-99,-99,0.04,0.491,0.469,-99,-99,-99
ICUCchinook2020,Survey,CAX05262020,Washington Department of Fish and Wildlife,101,"Salmon, Chinook (Upper Columbia River spring-run ESU)",North Cascades,Methow River,Methow R.,1.3,Chinook salmon,,Methow River,2012,1280,0.2,-99,-99,0.033,0.723,0.244,-99,-99,-99
ICUCchinook2020,Survey,CAX05262020,Washington Department of Fish and Wildlife,101,"Salmon, Chinook (Upper Columbia River spring-run ESU)",North Cascades,Methow River,Methow R.,1.3,Chinook salmon,,Methow River,2013,1089,0.22,-99,-99,0.133,0.737,0.13,-99,-99,-99
ICUCchinook2020,Survey,CAX05262020,Washington Department of Fish and Wildlife,101,"Salmon, Chinook (Upper Columbia River spring-run ESU)",North Cascades,Methow River,Methow R.,1.3,Chinook salmon,,Methow River,2014,2063,0.25,-99,-99,0.051,0.902,0.047,-99,-99,-99
ICUCchinook2020,Survey,CAX05262020,Washington Department of Fish and Wildlife,101,"Salmon, Chinook (Upper Columbia River spring-run ESU)",North Cascades,Methow River,Methow R.,1.3,Chinook salmon,,Methow River,2015,1353,0.29,-99,-99,0.038,0.81,0.152,-99,-99,-99
ICUCchinook2020,Survey,CAX05262020,Washington Department of Fish and Wildlife,101,"Salmon, Chinook (Upper Columbia River spring-run ESU)",North Cascades,Methow River,Methow R.,1.3,Chinook salmon,,Methow River,2016,697,0.46,-99,-99,0.036,0.837,0.127,-99,-99,-99
ICUCchinook2020,Survey,CAX05262020,Washington Department of Fish and Wildlife,101,"Salmon, Chinook (Upper Columbia River spring-run ESU)",North Cascades,Methow River,Methow R.,1.3,Chinook salmon,,Methow River,2017,464,0.38,-99,-99,0.124,0.704,0.172,-99,-99,-99
ICUCchinook2020,Survey,CAX05262020,Washington Department of Fish and Wildlife,101,"Salmon, Chinook (Upper Columbia River spring-run ESU)",North Cascades,Methow River,Methow R.,1.3,Chinook salmon,,Methow River,2018,500,0.53,-99,-99,0.037,0.95,0.014,-99,-99,-99
ICUCchinook2020,Survey,CAX05262020,Washington Department of Fish and Wildlife,101,"Salmon, Chinook (Upper Columbia River spring-run ESU)",North Cascades,Methow River,Methow R.,1.3,Chinook salmon,,Methow River,2019,570,0.2,-99,-99,0.02,0.881,0.099,-99,-99,-99
